Date,Temperature
2021-01-01,27.22
2021-01-02,27.54
2021-01-03,28.28
2021-01-04,28.77
2021-01-05,27.94
2021-01-06,27.98
2021-01-07,29.04
2021-01-08,29.08
2021-01-09,28.87
2021-01-10,29.42
2021-01-11,28.75
2021-01-12,28.38
2021-01-13,28.4
2021-01-14,27.35
2021-01-15,27.55
2021-01-16,28.17
2021-01-17,27.86
2021-01-18,28.1
2021-01-19,27.11
2021-01-20,26.58
2021-01-21,27.86
2021-01-22,27.35
2021-01-23,27.77
2021-01-24,27.24
2021-01-25,27.57
2021-01-26,27.73
2021-01-27,27.2
2021-01-28,28.21
2021-01-29,28.33
2021-01-30,29.05
2021-01-31,29.29
2021-02-01,30.52
2021-02-02,29.68
2021-02-03,29.31
2021-02-04,30.47
2021-02-05,30.04
2021-02-06,31.12
2021-02-07,30.33
2021-02-08,30.48
2021-02-09,30.88
2021-02-10,30.89
2021-02-11,30.61
2021-02-12,30.63
2021-02-13,30.66
2021-02-14,30.02
2021-02-15,29.97
2021-02-16,29.59
2021-02-17,29.9
2021-02-18,29.48
2021-02-19,28.67
2021-02-20,29.79
2021-02-21,29.49
2021-02-22,29.16
2021-02-23,29.49
2021-02-24,29.59
2021-02-25,29.76
2021-02-26,29.43
2021-02-27,30.17
2021-02-28,30.78
2021-03-01,31.16
2021-03-02,30.5
2021-03-03,30.73
2021-03-04,30.66
2021-03-05,31.14
2021-03-06,32.54
2021-03-07,33.04
2021-03-08,32.34
2021-03-09,32.61
2021-03-10,32.16
2021-03-11,31.75
2021-03-12,32.4
2021-03-13,33.09
2021-03-14,32.28
2021-03-15,32.62
2021-03-16,30.22
2021-03-17,31.35
2021-03-18,30.86
2021-03-19,30.74
2021-03-20,30.99
2021-03-21,29.95
2021-03-22,30.43
2021-03-23,30.3
2021-03-24,30.57
2021-03-25,29.75
2021-03-26,29.96
2021-03-27,30.48
2021-03-28,31.34
2021-03-29,31.08
2021-03-30,30.61
2021-03-31,31.14
2021-04-01,31.27
2021-04-02,32.19
2021-04-03,31.95
2021-04-04,32.4
2021-04-05,32.36
2021-04-06,31.72
2021-04-07,32.42
2021-04-08,32.52
2021-04-09,32.67
2021-04-10,32.77
2021-04-11,32.19
2021-04-12,32.29
2021-04-13,31.82
2021-04-14,31.2
2021-04-15,31.3
2021-04-16,31.56
2021-04-17,32.23
2021-04-18,31.27
2021-04-19,30.88
2021-04-20,30.22
2021-04-21,29.03
2021-04-22,29.82
2021-04-23,30.05
2021-04-24,31.38
2021-04-25,30.28
2021-04-26,30.38
2021-04-27,30.04
2021-04-28,29.5
2021-04-29,30.79
2021-04-30,31.09
2021-05-01,31.59
2021-05-02,31.11
2021-05-03,32.16
2021-05-04,30.77
2021-05-05,31.62
2021-05-06,32.52
2021-05-07,31.42
2021-05-08,31.89
2021-05-09,32.21
2021-05-10,31.65
2021-05-11,30.73
2021-05-12,31.07
2021-05-13,30.4
2021-05-14,31.09
2021-05-15,30.45
2021-05-16,31.33
2021-05-17,29.78
2021-05-18,29.4
2021-05-19,29.44
2021-05-20,28.35
2021-05-21,29.07
2021-05-22,29.67
2021-05-23,28.32
2021-05-24,28.88
2021-05-25,28.6
2021-05-26,28.68
2021-05-27,27.93
2021-05-28,28.29
2021-05-29,29.55
2021-05-30,29.69
2021-05-31,29.66
2021-06-01,29.58
2021-06-02,29.1
2021-06-03,29.73
2021-06-04,30.15
2021-06-05,30.05
2021-06-06,31.31
2021-06-07,30.48
2021-06-08,29.36
2021-06-09,29.87
2021-06-10,29.03
2021-06-11,29.88
2021-06-12,30.06
2021-06-13,28.95
2021-06-14,29.25
2021-06-15,28.38
2021-06-16,28.05
2021-06-17,28.29
2021-06-18,27.3
2021-06-19,27.09
2021-06-20,26.87
2021-06-21,26.54
2021-06-22,26.44
2021-06-23,26.36
2021-06-24,26.37
2021-06-25,26.92
2021-06-26,26.9
2021-06-27,27.72
2021-06-28,26.9
2021-06-29,28.1
2021-06-30,27.14
2021-07-01,26.72
2021-07-02,27.05
2021-07-03,28.17
2021-07-04,28.03
2021-07-05,28.33
2021-07-06,27.94
2021-07-07,27.48
2021-07-08,27.12
2021-07-09,26.97
2021-07-10,27.54
2021-07-11,27.97
2021-07-12,27.23
2021-07-13,25.98
2021-07-14,26.11
2021-07-15,25.95
2021-07-16,25.33
2021-07-17,25.75
2021-07-18,25.49
2021-07-19,24.49
2021-07-20,24.64
2021-07-21,24.37
2021-07-22,24.55
2021-07-23,24.74
2021-07-24,23.89
2021-07-25,24.19
2021-07-26,24.73
2021-07-27,24.54
2021-07-28,24.5
2021-07-29,26.24
2021-07-30,25.22
2021-07-31,25.92
2021-08-01,26.08
2021-08-02,25.9
2021-08-03,25.29
2021-08-04,25.66
2021-08-05,25.08
2021-08-06,25.58
2021-08-07,25.68
2021-08-08,25.88
2021-08-09,26.53
2021-08-10,24.14
2021-08-11,24.85
2021-08-12,23.61
2021-08-13,24.1
2021-08-14,24.77
2021-08-15,24.07
2021-08-16,23.07
2021-08-17,22.65
2021-08-18,22.85
2021-08-19,22.08
2021-08-20,22.63
2021-08-21,22.72
2021-08-22,22.43
2021-08-23,23.5
2021-08-24,22.57
2021-08-25,21.28
2021-08-26,22.48
2021-08-27,22.55
2021-08-28,23.7
2021-08-29,23.23
2021-08-30,23.55
2021-08-31,23.73
2021-09-01,23.88
2021-09-02,23.16
2021-09-03,23.93
2021-09-04,24.21
2021-09-05,24.22
2021-09-06,25.08
2021-09-07,24.08
2021-09-08,23.01
2021-09-09,23.88
2021-09-10,24.48
2021-09-11,24.02
2021-09-12,22.67
2021-09-13,22.67
2021-09-14,22.88
2021-09-15,21.54
2021-09-16,21.89
2021-09-17,22.1
2021-09-18,21.45
2021-09-19,21.78
2021-09-20,20.09
2021-09-21,20.77
2021-09-22,20.97
2021-09-23,20.68
2021-09-24,22.38
2021-09-25,21.46
2021-09-26,22.18
2021-09-27,22.48
2021-09-28,23.01
2021-09-29,21.77
2021-09-30,23.24
2021-10-01,23.21
2021-10-02,23.22
2021-10-03,24.09
2021-10-04,23.89
2021-10-05,23.28
2021-10-06,23.39
2021-10-07,23.21
2021-10-08,23.61
2021-10-09,24.0
2021-10-10,24.3
2021-10-11,22.64
2021-10-12,23.62
2021-10-13,21.36
2021-10-14,22.01
2021-10-15,22.39
2021-10-16,22.33
2021-10-17,21.82
2021-10-18,21.69
2021-10-19,21.18
2021-10-20,20.92
2021-10-21,21.66
2021-10-22,21.78
2021-10-23,21.71
2021-10-24,22.67
2021-10-25,22.43
2021-10-26,22.61
2021-10-27,22.6
2021-10-28,22.3
2021-10-29,22.98
2021-10-30,24.11
2021-10-31,24.37
2021-11-01,24.12
2021-11-02,24.07
2021-11-03,24.54
2021-11-04,23.86
2021-11-05,24.69
2021-11-06,24.62
2021-11-07,24.62
2021-11-08,24.92
2021-11-09,24.36
2021-11-10,23.99
2021-11-11,24.09
2021-11-12,23.59
2021-11-13,23.96
2021-11-14,23.39
2021-11-15,23.32
2021-11-16,22.68
2021-11-17,22.5
2021-11-18,22.75
2021-11-19,22.39
2021-11-20,24.03
2021-11-21,22.82
2021-11-22,22.69
2021-11-23,23.66
2021-11-24,23.56
2021-11-25,23.83
2021-11-26,24.41
2021-11-27,24.7
2021-11-28,24.69
2021-11-29,25.24
2021-11-30,24.88
2021-12-01,25.69
2021-12-02,25.46
2021-12-03,25.6
2021-12-04,26.22
2021-12-05,26.69
2021-12-06,26.08
2021-12-07,25.62
2021-12-08,25.84
2021-12-09,25.79
2021-12-10,25.58
2021-12-11,25.7
2021-12-12,25.91
2021-12-13,24.79
2021-12-14,24.34
2021-12-15,24.31
2021-12-16,24.5
2021-12-17,24.93
2021-12-18,25.7
2021-12-19,25.52
2021-12-20,24.95
2021-12-21,24.83
2021-12-22,24.38
2021-12-23,25.11
2021-12-24,25.53
2021-12-25,26.37
2021-12-26,26.24
2021-12-27,26.98
2021-12-28,27.46
2021-12-29,26.85
2021-12-30,27.44
2021-12-31,28.11
2022-01-01,28.11
2022-01-02,28.64
2022-01-03,28.49
2022-01-04,28.3
2022-01-05,27.74
2022-01-06,28.14
2022-01-07,28.56
2022-01-08,29.15
2022-01-09,28.86
2022-01-10,29.05
2022-01-11,27.25
2022-01-12,27.63
2022-01-13,27.22
2022-01-14,28.26
2022-01-15,27.07
2022-01-16,27.05
2022-01-17,26.95
2022-01-18,25.98
2022-01-19,26.58
2022-01-20,26.67
2022-01-21,27.53
2022-01-22,28.11
2022-01-23,29.12
2022-01-24,28.81
2022-01-25,28.13
2022-01-26,28.11
2022-01-27,29.13
2022-01-28,28.89
2022-01-29,30.87
2022-01-30,30.9
2022-01-31,30.18
2022-02-01,29.49
2022-02-02,30.8
2022-02-03,30.27
2022-02-04,31.17
2022-02-05,30.13
2022-02-06,30.56
2022-02-07,30.52
2022-02-08,30.08
2022-02-09,29.49
2022-02-10,29.85
2022-02-11,29.17
2022-02-12,29.68
2022-02-13,29.71
2022-02-14,29.57
2022-02-15,29.26
2022-02-16,28.2
2022-02-17,28.08
2022-02-18,29.68
2022-02-19,29.63
2022-02-20,29.36
2022-02-21,30.41
2022-02-22,29.69
2022-02-23,30.25
2022-02-24,30.1
2022-02-25,31.57
2022-02-26,32.0
2022-02-27,31.45
2022-02-28,32.06
2022-03-01,31.84
2022-03-02,32.17
2022-03-03,31.33
2022-03-04,32.43
2022-03-05,32.91
2022-03-06,31.69
2022-03-07,31.7
2022-03-08,30.89
2022-03-09,31.35
2022-03-10,31.67
2022-03-11,32.09
2022-03-12,31.5
2022-03-13,32.05
2022-03-14,30.29
2022-03-15,29.65
2022-03-16,30.04
2022-03-17,30.18
2022-03-18,30.18
2022-03-19,29.51
2022-03-20,30.49
2022-03-21,29.82
2022-03-22,30.52
2022-03-23,30.36
2022-03-24,30.04
2022-03-25,30.73
2022-03-26,31.01
2022-03-27,31.78
2022-03-28,32.31
2022-03-29,31.38
2022-03-30,32.08
2022-03-31,31.88
2022-04-01,32.18
2022-04-02,32.87
2022-04-03,32.57
2022-04-04,32.59
2022-04-05,31.95
2022-04-06,33.07
2022-04-07,32.12
2022-04-08,31.87
2022-04-09,32.33
2022-04-10,32.0
2022-04-11,31.51
2022-04-12,31.32
2022-04-13,30.94
2022-04-14,30.2
2022-04-15,30.25
2022-04-16,30.49
2022-04-17,29.53
2022-04-18,29.62
2022-04-19,30.59
2022-04-20,30.56
2022-04-21,29.85
2022-04-22,30.62
2022-04-23,30.93
2022-04-24,32.44
2022-04-25,31.58
2022-04-26,30.93
2022-04-27,30.59
2022-04-28,30.57
2022-04-29,31.84
2022-04-30,31.83
2022-05-01,31.71
2022-05-02,31.94
2022-05-03,31.45
2022-05-04,32.47
2022-05-05,32.08
2022-05-06,31.81
2022-05-07,32.56
2022-05-08,31.77
2022-05-09,30.9
2022-05-10,31.38
2022-05-11,30.45
2022-05-12,29.51
2022-05-13,29.88
2022-05-14,29.58
2022-05-15,29.18
2022-05-16,29.83
2022-05-17,29.81
2022-05-18,28.03
2022-05-19,28.93
2022-05-20,28.65
2022-05-21,29.04
2022-05-22,29.15
2022-05-23,28.97
2022-05-24,29.23
2022-05-25,28.83
2022-05-26,29.58
2022-05-27,29.89
2022-05-28,30.26
2022-05-29,30.18
2022-05-30,30.26
2022-05-31,30.64
2022-06-01,30.37
2022-06-02,29.76
2022-06-03,30.45
2022-06-04,30.9
2022-06-05,29.71
2022-06-06,30.3
2022-06-07,29.19
2022-06-08,29.27
2022-06-09,28.43
2022-06-10,27.91
2022-06-11,27.95
2022-06-12,28.46
2022-06-13,28.07
2022-06-14,26.99
2022-06-15,27.27
2022-06-16,26.13
2022-06-17,26.99
2022-06-18,26.67
2022-06-19,26.97
2022-06-20,27.12
2022-06-21,26.48
2022-06-22,26.62
2022-06-23,27.45
2022-06-24,27.18
2022-06-25,28.26
2022-06-26,27.61
2022-06-27,28.33
2022-06-28,28.58
2022-06-29,26.74
2022-06-30,27.63
2022-07-01,28.55
2022-07-02,28.44
2022-07-03,28.69
2022-07-04,27.93
2022-07-05,27.76
2022-07-06,27.24
2022-07-07,27.64
2022-07-08,27.21
2022-07-09,27.2
2022-07-10,26.61
2022-07-11,26.06
2022-07-12,25.46
2022-07-13,25.35
2022-07-14,24.79
2022-07-15,25.16
2022-07-16,26.06
2022-07-17,25.46
2022-07-18,24.65
2022-07-19,25.02
2022-07-20,24.13
2022-07-21,23.54
2022-07-22,24.39
2022-07-23,24.42
2022-07-24,25.33
2022-07-25,25.49
2022-07-26,26.11
2022-07-27,25.48
2022-07-28,25.45
2022-07-29,26.31
2022-07-30,25.29
2022-07-31,26.5
2022-08-01,26.53
2022-08-02,25.15
2022-08-03,26.02
2022-08-04,25.56
2022-08-05,25.28
2022-08-06,25.77
2022-08-07,26.29
2022-08-08,24.86
2022-08-09,24.28
2022-08-10,23.46
2022-08-11,23.05
2022-08-12,23.8
2022-08-13,23.07
2022-08-14,23.35
2022-08-15,22.76
2022-08-16,22.77
2022-08-17,22.46
2022-08-18,22.84
2022-08-19,22.47
2022-08-20,22.95
2022-08-21,22.83
2022-08-22,23.05
2022-08-23,23.3
2022-08-24,23.48
2022-08-25,23.0
2022-08-26,24.27
2022-08-27,24.93
2022-08-28,24.72
2022-08-29,25.29
2022-08-30,23.85
2022-08-31,23.46
2022-09-01,23.25
2022-09-02,24.91
2022-09-03,24.66
2022-09-04,24.23
2022-09-05,23.97
2022-09-06,22.78
2022-09-07,23.92
2022-09-08,22.67
2022-09-09,22.65
2022-09-10,22.94
2022-09-11,22.65
2022-09-12,22.13
2022-09-13,21.2
2022-09-14,21.45
2022-09-15,22.08
2022-09-16,22.09
2022-09-17,22.5
2022-09-18,21.71
2022-09-19,21.43
2022-09-20,21.68
2022-09-21,21.78
2022-09-22,22.54
2022-09-23,21.79
2022-09-24,23.76
2022-09-25,23.29
2022-09-26,23.19
2022-09-27,22.8
2022-09-28,22.46
2022-09-29,23.74
2022-09-30,23.73
2022-10-01,23.39
2022-10-02,23.4
2022-10-03,23.54
2022-10-04,23.99
2022-10-05,22.75
2022-10-06,22.05
2022-10-07,22.65
2022-10-08,22.67
2022-10-09,21.41
2022-10-10,22.18
2022-10-11,21.59
2022-10-12,21.64
2022-10-13,22.1
2022-10-14,21.96
2022-10-15,21.57
2022-10-16,21.28
2022-10-17,22.81
2022-10-18,21.5
2022-10-19,21.46
2022-10-20,21.72
2022-10-21,22.33
2022-10-22,22.72
2022-10-23,22.87
2022-10-24,22.97
2022-10-25,23.16
2022-10-26,22.99
2022-10-27,23.2
2022-10-28,24.02
2022-10-29,24.27
2022-10-30,25.22
2022-10-31,23.19
2022-11-01,24.56
2022-11-02,24.38
2022-11-03,22.84
2022-11-04,23.75
2022-11-05,23.83
2022-11-06,23.24
2022-11-07,23.13
2022-11-08,22.47
2022-11-09,23.38
2022-11-10,22.91
2022-11-11,23.2
2022-11-12,23.12
2022-11-13,22.31
2022-11-14,22.39
2022-11-15,22.59
2022-11-16,21.74
2022-11-17,22.83
2022-11-18,22.88
2022-11-19,23.34
2022-11-20,24.17
2022-11-21,24.16
2022-11-22,23.8
2022-11-23,24.6
2022-11-24,23.96
2022-11-25,25.28
2022-11-26,25.79
2022-11-27,25.66
2022-11-28,25.92
2022-11-29,25.03
2022-11-30,25.88
2022-12-01,25.46
2022-12-02,25.55
2022-12-03,26.45
2022-12-04,25.61
2022-12-05,24.96
2022-12-06,24.42
2022-12-07,25.02
2022-12-08,24.06
2022-12-09,25.53
2022-12-10,23.93
2022-12-11,25.59
2022-12-12,24.65
2022-12-13,24.18
2022-12-14,23.81
2022-12-15,24.38
2022-12-16,24.58
2022-12-17,25.55
2022-12-18,25.39
2022-12-19,25.48
2022-12-20,25.24
2022-12-21,25.5
2022-12-22,26.06
2022-12-23,25.75
2022-12-24,26.5
2022-12-25,27.8
2022-12-26,27.62
2022-12-27,27.38
2022-12-28,27.46
2022-12-29,27.81
2022-12-30,27.76
2022-12-31,27.95
2023-01-01,28.43
2023-01-02,27.64
2023-01-03,27.85
2023-01-04,26.57
2023-01-05,27.71
2023-01-06,27.56
2023-01-07,27.56
2023-01-08,27.8
2023-01-09,27.77
2023-01-10,27.07
2023-01-11,25.52
2023-01-12,25.82
2023-01-13,26.41
2023-01-14,27.05
2023-01-15,27.47
2023-01-16,26.9
2023-01-17,27.23
2023-01-18,26.87
2023-01-19,27.3
2023-01-20,27.53
2023-01-21,28.34
2023-01-22,28.54
2023-01-23,28.83
2023-01-24,29.73
2023-01-25,28.89
2023-01-26,30.79
2023-01-27,30.27
2023-01-28,30.53
2023-01-29,30.2
2023-01-30,30.73
2023-01-31,29.82
2023-02-01,29.86
2023-02-02,30.9
2023-02-03,29.83
2023-02-04,30.49
2023-02-05,29.54
2023-02-06,29.47
2023-02-07,29.8
2023-02-08,28.38
2023-02-09,29.42
2023-02-10,29.11
2023-02-11,28.77
2023-02-12,29.38
2023-02-13,29.4
2023-02-14,29.05
2023-02-15,28.03
2023-02-16,28.68
2023-02-17,29.41
2023-02-18,30.03
2023-02-19,30.7
2023-02-20,30.62
2023-02-21,29.93
2023-02-22,30.8
2023-02-23,31.24
2023-02-24,31.72
2023-02-25,32.43
2023-02-26,32.53
2023-02-27,32.27
2023-02-28,31.77
2023-03-01,30.85
2023-03-02,31.8
2023-03-03,31.87
2023-03-04,32.02
2023-03-05,31.21
2023-03-06,30.91
2023-03-07,31.35
2023-03-08,30.46
2023-03-09,30.64
2023-03-10,30.44
2023-03-11,30.55
2023-03-12,30.91
2023-03-13,29.99
2023-03-14,29.94
2023-03-15,29.52
2023-03-16,29.68
2023-03-17,30.13
2023-03-18,30.82
2023-03-19,30.78
2023-03-20,31.6
2023-03-21,30.59
2023-03-22,30.98
2023-03-23,31.2
2023-03-24,32.58
2023-03-25,32.52
2023-03-26,33.16
2023-03-27,31.99
2023-03-28,32.59
2023-03-29,32.74
2023-03-30,32.45
2023-03-31,33.12
2023-04-01,32.58
2023-04-02,33.37
2023-04-03,33.39
2023-04-04,31.67
2023-04-05,31.2
2023-04-06,31.87
2023-04-07,31.95
2023-04-08,31.03
2023-04-09,30.92
2023-04-10,30.6
2023-04-11,29.66
2023-04-12,29.55
2023-04-13,29.51
2023-04-14,29.88
2023-04-15,30.52
2023-04-16,30.79
2023-04-17,31.32
2023-04-18,30.04
2023-04-19,30.94
2023-04-20,30.69
2023-04-21,31.26
2023-04-22,32.08
2023-04-23,31.56
2023-04-24,32.23
2023-04-25,31.99
2023-04-26,32.07
2023-04-27,32.11
2023-04-28,33.38
2023-04-29,32.23
2023-04-30,32.26
2023-05-01,31.89
2023-05-02,31.43
2023-05-03,30.98
2023-05-04,31.62
2023-05-05,31.72
2023-05-06,30.8
2023-05-07,30.46
2023-05-08,30.58
2023-05-09,29.55
2023-05-10,29.66
2023-05-11,29.34
2023-05-12,28.69
2023-05-13,30.24
2023-05-14,30.37
2023-05-15,29.1
2023-05-16,28.95
2023-05-17,29.16
2023-05-18,29.38
2023-05-19,29.96
2023-05-20,31.03
2023-05-21,30.3
2023-05-22,30.03
2023-05-23,29.64
2023-05-24,29.9
2023-05-25,30.41
2023-05-26,31.59
2023-05-27,30.86
2023-05-28,31.26
2023-05-29,30.89
2023-05-30,31.02
2023-05-31,31.26
2023-06-01,29.74
2023-06-02,29.78
2023-06-03,30.46
2023-06-04,30.06
2023-06-05,30.08
2023-06-06,28.89
2023-06-07,27.96
2023-06-08,28.17
2023-06-09,28.42
2023-06-10,28.35
2023-06-11,28.1
2023-06-12,28.04
2023-06-13,27.71
2023-06-14,27.59
2023-06-15,27.36
2023-06-16,27.34
2023-06-17,27.87
2023-06-18,28.55
2023-06-19,27.62
2023-06-20,28.02
2023-06-21,27.66
2023-06-22,28.08
2023-06-23,29.06
2023-06-24,28.95
2023-06-25,29.03
2023-06-26,28.23
2023-06-27,28.85
2023-06-28,28.54
2023-06-29,29.16
2023-06-30,28.14
2023-07-01,28.43
2023-07-02,28.25
2023-07-03,28.36
2023-07-04,26.99
2023-07-05,26.64
2023-07-06,26.53
2023-07-07,26.3
2023-07-08,25.99
2023-07-09,26.08
2023-07-10,26.06
2023-07-11,24.64
2023-07-12,24.84
2023-07-13,24.46
2023-07-14,25.56
2023-07-15,24.64
2023-07-16,25.21
2023-07-17,25.55
2023-07-18,25.93
2023-07-19,25.17
2023-07-20,25.19
2023-07-21,26.73
2023-07-22,25.67
2023-07-23,25.55
2023-07-24,26.66
2023-07-25,26.01
2023-07-26,25.62
2023-07-27,26.44
2023-07-28,26.44
2023-07-29,26.22
2023-07-30,25.8
2023-07-31,26.36
2023-08-01,25.7
2023-08-02,24.89
2023-08-03,25.53
2023-08-04,24.17
2023-08-05,23.93
2023-08-06,24.07
2023-08-07,23.89
2023-08-08,23.46
2023-08-09,22.84
2023-08-10,23.01
2023-08-11,22.45
2023-08-12,23.88
2023-08-13,23.25
2023-08-14,23.65
2023-08-15,23.08
2023-08-16,23.08
2023-08-17,23.36
2023-08-18,23.76
2023-08-19,24.31
2023-08-20,24.89
2023-08-21,24.38
2023-08-22,24.47
2023-08-23,24.06
2023-08-24,24.91
2023-08-25,24.29
2023-08-26,25.68
2023-08-27,24.87
2023-08-28,23.96
2023-08-29,24.21
2023-08-30,23.47
2023-08-31,23.99
2023-09-01,23.34
2023-09-02,23.43
2023-09-03,22.56
2023-09-04,22.73
2023-09-05,21.26
2023-09-06,21.2
2023-09-07,22.1
2023-09-08,22.21
2023-09-09,22.18
2023-09-10,21.54
2023-09-11,21.74
2023-09-12,21.48
2023-09-13,20.85
2023-09-14,22.24
2023-09-15,22.39
2023-09-16,22.36
2023-09-17,22.76
2023-09-18,22.88
2023-09-19,21.8
2023-09-20,22.64
2023-09-21,22.71
2023-09-22,23.01
2023-09-23,23.75
2023-09-24,24.84
2023-09-25,24.17
2023-09-26,23.31
2023-09-27,23.58
2023-09-28,23.91
2023-09-29,23.82
2023-09-30,23.51
2023-10-01,23.04
2023-10-02,23.22
2023-10-03,22.53
2023-10-04,22.31
2023-10-05,22.03
2023-10-06,22.28
2023-10-07,21.65
2023-10-08,22.42
2023-10-09,21.63
2023-10-10,22.13
2023-10-11,20.7
2023-10-12,21.93
2023-10-13,21.62
2023-10-14,21.68
2023-10-15,22.02
2023-10-16,22.14
2023-10-17,22.43
2023-10-18,22.55
2023-10-19,22.4
2023-10-20,23.18
2023-10-21,24.67
2023-10-22,24.76
2023-10-23,24.17
2023-10-24,23.81
2023-10-25,23.74
2023-10-26,24.06
2023-10-27,23.58
2023-10-28,24.13
2023-10-29,23.44
2023-10-30,24.03
2023-10-31,23.66
2023-11-01,22.76
2023-11-02,23.54
2023-11-03,22.35
2023-11-04,22.31
2023-11-05,22.97
2023-11-06,23.0
2023-11-07,22.88
2023-11-08,21.67
2023-11-09,22.43
2023-11-10,22.24
2023-11-11,22.56
2023-11-12,23.25
2023-11-13,23.16
2023-11-14,22.09
2023-11-15,23.54
2023-11-16,23.86
2023-11-17,23.53
2023-11-18,24.57
2023-11-19,24.98
2023-11-20,24.96
2023-11-21,24.53
2023-11-22,24.49
2023-11-23,25.01
2023-11-24,25.94
2023-11-25,25.99
2023-11-26,25.66
2023-11-27,25.94
2023-11-28,23.93
2023-11-29,25.41
2023-11-30,24.03
2023-12-01,24.75
2023-12-02,24.5
2023-12-03,24.31
2023-12-04,25.05
2023-12-05,23.86
2023-12-06,23.92
2023-12-07,23.74
2023-12-08,24.21
2023-12-09,24.33
2023-12-10,23.85
2023-12-11,24.81
2023-12-12,24.01
2023-12-13,23.57
2023-12-14,24.4
2023-12-15,25.83
2023-12-16,26.13
2023-12-17,25.98
2023-12-18,26.11
2023-12-19,26.14
2023-12-20,27.32
2023-12-21,26.89
2023-12-22,27.41
2023-12-23,28.13
2023-12-24,27.97
2023-12-25,27.63
2023-12-26,27.38
2023-12-27,27.22
2023-12-28,27.23
2023-12-29,27.74
2023-12-30,27.57
2023-12-31,27.78
2024-01-01,27.06
2024-01-02,26.65
2024-01-03,25.37
2024-01-04,26.61
2024-01-05,26.52
2024-01-06,27.01
2024-01-07,25.3
2024-01-08,27.38
2024-01-09,26.15
2024-01-10,26.65
2024-01-11,25.93
2024-01-12,27.17
2024-01-13,26.96
2024-01-14,27.51
2024-01-15,28.78
2024-01-16,27.85
2024-01-17,28.17
2024-01-18,28.85
2024-01-19,29.24
2024-01-20,29.62
2024-01-21,30.01
2024-01-22,30.91
2024-01-23,29.62
2024-01-24,29.62
2024-01-25,30.09
2024-01-26,30.36
2024-01-27,30.59
2024-01-28,30.3
2024-01-29,29.16
2024-01-30,29.93
2024-01-31,28.31
2024-02-01,28.85
2024-02-02,28.48
2024-02-03,28.91
2024-02-04,29.03
2024-02-05,28.76
2024-02-06,28.46
2024-02-07,28.82
2024-02-08,28.43
2024-02-09,28.5
2024-02-10,29.48
2024-02-11,29.86
2024-02-12,28.83
2024-02-13,29.62
2024-02-14,29.77
2024-02-15,29.7
2024-02-16,31.03
2024-02-17,30.91
2024-02-18,31.37
2024-02-19,31.29
2024-02-20,31.27
2024-02-21,30.73
2024-02-22,30.74
2024-02-23,32.43
2024-02-24,31.6
2024-02-25,31.55
2024-02-26,30.74
2024-02-27,30.97
2024-02-28,30.3
2024-02-29,31.51
2024-03-01,31.29
2024-03-02,30.59
2024-03-03,31.78
2024-03-04,30.84
2024-03-05,29.8
2024-03-06,28.52
2024-03-07,30.67
2024-03-08,29.27
2024-03-09,29.46
2024-03-10,30.81
2024-03-11,31.39
2024-03-12,30.79
2024-03-13,30.44
2024-03-14,30.77
2024-03-15,31.42
2024-03-16,31.92
2024-03-17,32.05
2024-03-18,32.04
2024-03-19,31.89
2024-03-20,31.6
2024-03-21,32.04
2024-03-22,31.8
2024-03-23,32.86
2024-03-24,32.54
2024-03-25,32.25
2024-03-26,32.44
2024-03-27,32.65
2024-03-28,32.33
2024-03-29,31.27
2024-03-30,31.57
2024-03-31,32.26
2024-04-01,30.96
2024-04-02,30.76
2024-04-03,30.7
2024-04-04,29.9
2024-04-05,30.5
2024-04-06,30.02
2024-04-07,30.36
2024-04-08,30.58
2024-04-09,29.46
2024-04-10,30.28
2024-04-11,30.27
2024-04-12,30.98
2024-04-13,31.31
2024-04-14,32.11
2024-04-15,31.6
2024-04-16,31.28
2024-04-17,31.55
2024-04-18,32.01
2024-04-19,32.22
2024-04-20,32.62
2024-04-21,32.43
2024-04-22,32.28
2024-04-23,31.62
2024-04-24,32.77
2024-04-25,31.36
2024-04-26,31.7
2024-04-27,31.75
2024-04-28,32.29
2024-04-29,31.29
2024-04-30,31.4
2024-05-01,30.06
2024-05-02,30.28
2024-05-03,29.8
2024-05-04,31.18
2024-05-05,29.56
2024-05-06,29.9
2024-05-07,29.65
2024-05-08,29.32
2024-05-09,29.12
2024-05-10,29.48
2024-05-11,29.93
2024-05-12,30.05
2024-05-13,30.53
2024-05-14,30.97
2024-05-15,29.74
2024-05-16,29.63
2024-05-17,30.67
2024-05-18,32.31
2024-05-19,30.98
2024-05-20,31.98
2024-05-21,31.74
2024-05-22,30.54
2024-05-23,31.06
2024-05-24,31.69
2024-05-25,30.9
2024-05-26,30.84
2024-05-27,30.23
2024-05-28,29.45
2024-05-29,29.12
2024-05-30,28.62
2024-05-31,29.14
2024-06-01,28.75
2024-06-02,28.99
2024-06-03,27.74
2024-06-04,28.07
2024-06-05,27.93
2024-06-06,26.61
2024-06-07,27.88
2024-06-08,28.52
2024-06-09,27.52
2024-06-10,28.7
2024-06-11,27.95
2024-06-12,27.4
2024-06-13,27.92
2024-06-14,28.65
2024-06-15,28.88
2024-06-16,29.32
2024-06-17,28.62
2024-06-18,28.92
2024-06-19,28.09
2024-06-20,28.77
2024-06-21,28.66
2024-06-22,28.93
2024-06-23,29.76
2024-06-24,29.33
2024-06-25,28.58
2024-06-26,27.37
2024-06-27,27.49
2024-06-28,28.13
2024-06-29,27.6
2024-06-30,28.32
2024-07-01,26.95
2024-07-02,26.26
2024-07-03,25.58
2024-07-04,25.62
2024-07-05,25.59
2024-07-06,26.12
2024-07-07,26.22
2024-07-08,25.22
2024-07-09,24.7
2024-07-10,24.35
2024-07-11,25.58
2024-07-12,25.27
2024-07-13,25.24
2024-07-14,26.62
2024-07-15,27.55
2024-07-16,26.29
2024-07-17,26.62
2024-07-18,26.46
2024-07-19,26.73
2024-07-20,27.48
2024-07-21,26.99
2024-07-22,26.98
2024-07-23,26.57
2024-07-24,25.76
2024-07-25,26.36
2024-07-26,25.85
2024-07-27,25.57
2024-07-28,25.91
2024-07-29,24.76
2024-07-30,24.55
2024-07-31,24.04
2024-08-01,24.31
2024-08-02,24.06
2024-08-03,23.89
2024-08-04,24.17
2024-08-05,24.12
2024-08-06,23.38
2024-08-07,22.93
2024-08-08,22.45
2024-08-09,22.92
2024-08-10,23.66
2024-08-11,23.74
2024-08-12,23.92
2024-08-13,23.92
2024-08-14,24.13
2024-08-15,24.11
2024-08-16,24.8
2024-08-17,25.01
2024-08-18,24.26
2024-08-19,24.58
2024-08-20,24.64
2024-08-21,23.92
2024-08-22,24.7
2024-08-23,25.24
2024-08-24,25.17
2024-08-25,24.36
2024-08-26,24.68
2024-08-27,23.49
2024-08-28,22.78
2024-08-29,22.44
2024-08-30,22.57
2024-08-31,22.55
2024-09-01,22.64
2024-09-02,22.26
2024-09-03,21.75
2024-09-04,21.66
2024-09-05,22.03
2024-09-06,22.22
2024-09-07,21.47
2024-09-08,21.17
2024-09-09,22.71
2024-09-10,21.55
2024-09-11,22.09
2024-09-12,21.96
2024-09-13,22.17
2024-09-14,23.71
2024-09-15,24.07
2024-09-16,23.45
2024-09-17,22.36
2024-09-18,23.18
2024-09-19,23.7
2024-09-20,23.12
2024-09-21,24.07
2024-09-22,23.94
2024-09-23,23.85
2024-09-24,23.15
2024-09-25,22.24
2024-09-26,23.04
2024-09-27,22.44
2024-09-28,22.52
2024-09-29,21.94
2024-09-30,21.75
2024-10-01,21.06
2024-10-02,21.04
2024-10-03,21.86
2024-10-04,20.69
2024-10-05,20.86
2024-10-06,22.37
2024-10-07,21.54
2024-10-08,21.18
2024-10-09,21.96
2024-10-10,21.51
2024-10-11,23.13
2024-10-12,23.15
2024-10-13,22.96
2024-10-14,24.21
2024-10-15,22.9
2024-10-16,23.52
2024-10-17,23.56
2024-10-18,24.4
2024-10-19,24.87
2024-10-20,24.27
2024-10-21,23.7
2024-10-22,23.87
2024-10-23,23.04
2024-10-24,24.17
2024-10-25,23.41
2024-10-26,23.25
2024-10-27,23.34
2024-10-28,22.25
2024-10-29,21.91
2024-10-30,22.52
2024-10-31,21.6
2024-11-01,21.59
2024-11-02,22.51
2024-11-03,22.86
2024-11-04,22.5
2024-11-05,22.42
2024-11-06,21.58
2024-11-07,21.54
2024-11-08,23.37
2024-11-09,23.08
2024-11-10,23.47
2024-11-11,24.29
2024-11-12,23.94
2024-11-13,23.99
2024-11-14,25.1
2024-11-15,24.35
2024-11-16,25.53
2024-11-17,25.36
2024-11-18,25.38
2024-11-19,25.7
2024-11-20,25.05
2024-11-21,25.09
2024-11-22,25.52
2024-11-23,25.02
2024-11-24,24.72
2024-11-25,24.26
2024-11-26,23.35
2024-11-27,24.79
2024-11-28,23.26
2024-11-29,23.78
2024-11-30,23.9
2024-12-01,24.15
2024-12-02,24.16
2024-12-03,23.89
2024-12-04,23.12
2024-12-05,23.49
2024-12-06,24.14
2024-12-07,24.39
2024-12-08,25.55
2024-12-09,25.15
2024-12-10,25.27
2024-12-11,25.37
2024-12-12,25.99
2024-12-13,26.12
2024-12-14,26.02
2024-12-15,27.12
2024-12-16,26.67
2024-12-17,26.6
2024-12-18,27.04
2024-12-19,27.48
2024-12-20,27.23
2024-12-21,27.61
2024-12-22,28.23
2024-12-23,27.27
2024-12-24,27.89
2024-12-25,26.62
2024-12-26,25.47
2024-12-27,26.7
2024-12-28,26.65
2024-12-29,26.98
2024-12-30,26.41
2024-12-31,25.67
2025-01-01,24.97
2025-01-02,25.52
2025-01-03,25.58
2025-01-04,26.1
2025-01-05,26.88
2025-01-06,27.4
2025-01-07,26.78
2025-01-08,26.17
2025-01-09,27.29
2025-01-10,28.23
2025-01-11,28.02
2025-01-12,28.62
2025-01-13,28.79
2025-01-14,28.38
2025-01-15,29.06
2025-01-16,28.96
2025-01-17,29.61
2025-01-18,29.37
2025-01-19,29.66
2025-01-20,29.96
2025-01-21,29.09
2025-01-22,29.73
2025-01-23,28.7
2025-01-24,29.08
2025-01-25,29.5
2025-01-26,28.33
2025-01-27,27.82
2025-01-28,27.47
2025-01-29,28.42
2025-01-30,27.59
2025-01-31,29.23
2025-02-01,28.11
2025-02-02,28.58
2025-02-03,29.12
2025-02-04,29.2
2025-02-05,29.24
2025-02-06,29.18
2025-02-07,29.65
2025-02-08,30.03
